{"cameraMode":{"drawMode":0,"name":"Shaded","section":"Shading Mode"},"sceneLighting":true,"audioPlay":false,"sceneViewState":{"m_AlwaysRefresh":false,"showFog":true,"showSkybox":true,"showFlares":true,"showImageEffects":true,"showParticleSystems":true,"showVisualEffectGraphs":true,"m_FxEnabled":true},"in2DMode":false,"pivot":{"x":-1.1415210962295533,"y":1.263337254524231,"z":2.2089576721191408},"rotation":{"x":0.25502756237983706,"y":-0.10706701129674912,"z":0.028430601581931115,"w":0.9606009125709534},"size":11.525436401367188,"orthographic":true}