{"cameraMode":{"drawMode":0,"name":"Shaded","section":"Shading Mode"},"sceneLighting":true,"audioPlay":false,"sceneViewState":{"m_AlwaysRefresh":true,"showFog":false,"showSkybox":true,"showFlares":false,"showImageEffects":true,"showParticleSystems":true,"showVisualEffectGraphs":true,"m_FxEnabled":false},"in2DMode":false,"pivot":{"x":-0.3425667881965637,"y":2.6145079135894777,"z":5.286539077758789},"rotation":{"x":-0.049299176782369617,"y":-0.08529093116521836,"z":-0.004225621931254864,"w":0.9951289892196655},"size":5.612605571746826,"orthographic":false}