{"cameraMode":{"drawMode":0,"name":"Shaded","section":"Shading Mode"},"sceneLighting":true,"audioPlay":false,"sceneViewState":{"m_AlwaysRefresh":false,"showFog":true,"showSkybox":true,"showFlares":true,"showImageEffects":true,"showParticleSystems":true,"showVisualEffectGraphs":true,"m_FxEnabled":true},"in2DMode":false,"pivot":{"x":4.650196075439453,"y":2.0173017978668215,"z":0.9326074123382568},"rotation":{"x":0.12804412841796876,"y":-0.004462899640202522,"z":0.0005762770888395608,"w":0.9917598366737366},"size":5.09210729598999,"orthographic":true}