{"cameraMode":{"drawMode":0,"name":"Shaded","section":"Shading Mode"},"sceneLighting":false,"audioPlay":false,"sceneViewState":{"m_AlwaysRefresh":false,"showFog":false,"showSkybox":false,"showFlares":true,"showImageEffects":true,"showParticleSystems":true,"showVisualEffectGraphs":true,"m_FxEnabled":false},"in2DMode":false,"pivot":{"x":-14.577301025390625,"y":15.454427719116211,"z":9.784242630004883},"rotation":{"x":0.04496331885457039,"y":0.030860841274261476,"z":-0.0013896343298256398,"w":0.9985130429267883},"size":17.030200958251954,"orthographic":false}